Lat,lng,time
34.06794454,-118.45460553,1487967192670
34.0679352,-118.45475216,1487967194666
34.06793635,-118.45474023,1487967194975
34.06798144,-118.45471592,1487967195985
34.06800769,-118.45477267,1487967197000
34.06801951,-118.45476613,1487967197987
34.06803097,-118.45476233,1487967198987
34.06805268,-118.45469495,1487967199969
34.06807398,-118.45473459,1487967200968
34.06807806,-118.45472506,1487967201965
34.06809004,-118.4547229,1487967202994
34.0681037,-118.45472277,1487967204057
34.06811905,-118.4547258,1487967205016
34.06813823,-118.4547284,1487967206044
34.06815899,-118.45472992,1487967207037
34.06817891,-118.45472884,1487967208041
34.06819198,-118.45472768,1487967209053
34.06821222,-118.45472604,1487967210025
34.06822536,-118.45472394,1487967211057
34.06823671,-118.45472332,1487967212082
34.0682474,-118.45472615,1487967213046
34.06826142,-118.45473432,1487967214049
34.06827476,-118.45473825,1487967215051
34.06828816,-118.45473684,1487967216086
34.06830096,-118.45473449,1487967217044
34.068312,-118.45473071,1487967218040
34.06832644,-118.45472775,1487967219037
34.06834167,-118.45472535,1487967220051
34.06835436,-118.45472267,1487967221049
34.06836406,-118.45472179,1487967222048
34.06837538,-118.45471995,1487967223042
34.06837998,-118.4547157,1487967224049
34.06838841,-118.45471109,1487967225058
34.0683918,-118.45470136,1487967226070
34.06839286,-118.45468962,1487967227047
34.06839257,-118.45467508,1487967228045
34.0683903,-118.45465996,1487967229041
34.06838746,-118.45464797,1487967230038
34.06838544,-118.45463391,1487967231038
34.06838277,-118.45461903,1487967232104
34.06837754,-118.45460863,1487967233132
34.06837002,-118.45459314,1487967234056
34.06836484,-118.45457953,1487967235067
34.06835705,-118.45456563,1487967236042
34.06834795,-118.4545523,1487967237039
34.06833981,-118.45453674,1487967238034
34.06833524,-118.45452536,1487967239023
34.06833274,-118.45451337,1487967240067
34.06832978,-118.45449878,1487967241044
34.06832628,-118.45448693,1487967242064
34.06832146,-118.45447795,1487967243042
34.06832135,-118.45446881,1487967244035
34.06832736,-118.4544572,1487967245038
34.06833111,-118.45444181,1487967246021
34.06833514,-118.45442608,1487967247022
34.06833953,-118.45441447,1487967248029
34.0683422,-118.45439813,1487967249041
34.06834399,-118.45438464,1487967250032
34.06834561,-118.45437094,1487967251036
34.06834674,-118.45435669,1487967252059
34.06834736,-118.45434103,1487967253042
34.06834718,-118.45432491,1487967254022
34.06834877,-118.45431154,1487967255051
34.06835046,-118.45429807,1487967256025
34.06835315,-118.45428167,1487967257049
34.06835166,-118.45426155,1487967258053
34.06834647,-118.4542446,1487967259042
34.06834027,-118.45422636,1487967260037
34.06833684,-118.4542156,1487967261078
34.06833072,-118.45420755,1487967262078
34.06832545,-118.45419174,1487967263048
34.06832089,-118.45417577,1487967264049
34.06831682,-118.45416322,1487967265157
34.06831211,-118.45414807,1487967266038
34.06830891,-118.45413347,1487967267037
34.06830733,-118.4541187,1487967268031
34.06830587,-118.45410599,1487967269044
34.06830274,-118.45409272,1487967270042
34.06830045,-118.45407668,1487967271035
34.06830193,-118.45406077,1487967272034
34.06830375,-118.45404391,1487967273031
34.06830592,-118.45402829,1487967274058
34.06831164,-118.45401018,1487967275053
34.06831818,-118.45399013,1487967276060
34.06831748,-118.45397054,1487967277033
34.06831418,-118.45395352,1487967278049
34.06831739,-118.45393853,1487967279054
34.06832118,-118.45391659,1487967280063
34.06831548,-118.45391049,1487967281059
34.06830269,-118.45389406,1487967282037
34.06829389,-118.4538837,1487967283092
34.06828372,-118.45387285,1487967284050
34.06827405,-118.45386047,1487967285034
34.0682783,-118.45386306,1487967286046
34.06828199,-118.45385733,1487967287045
34.06827598,-118.45383913,1487967288043
34.06827296,-118.4538226,1487967289043
34.06826984,-118.45380613,1487967290029
34.06826689,-118.45379063,1487967291038
34.06826421,-118.45377485,1487967292052
34.06826242,-118.45375813,1487967293031
34.06826448,-118.453735,1487967294040
34.06826352,-118.4537136,1487967295060
34.06826024,-118.453691,1487967296082
34.06825775,-118.45367331,1487967297062
34.06825699,-118.45366063,1487967298068
34.06825311,-118.45364865,1487967299050
34.06824316,-118.45363815,1487967300075
34.06823237,-118.453629,1487967301066
34.06822197,-118.45361743,1487967302053
34.06821876,-118.45360339,1487967303059
34.06822244,-118.45359237,1487967304059
34.06822472,-118.45357386,1487967305045
34.06822391,-118.45355664,1487967306044
34.06822543,-118.45354119,1487967307050
34.06822755,-118.45352364,1487967308055
34.06822744,-118.45350594,1487967309039
34.06822519,-118.45348822,1487967310043
34.06822252,-118.4534683,1487967311053
34.06822004,-118.45344729,1487967312056
34.06821865,-118.45342819,1487967313063
34.06821644,-118.45340955,1487967314060
34.06821572,-118.45338787,1487967315039
34.06821332,-118.45336826,1487967316047
34.06820898,-118.45335083,1487967317052
34.06820703,-118.45333797,1487967318153
34.06820634,-118.45332082,1487967319056
34.06820857,-118.4533045,1487967320050
34.06821024,-118.45328782,1487967321051
34.06821031,-118.45327076,1487967322056
34.06820954,-118.45325518,1487967323046
34.06820726,-118.45323697,1487967324037
34.06820618,-118.45321997,1487967325025
34.06820733,-118.45320504,1487967326042
34.06820709,-118.45318844,1487967327045
34.06820652,-118.45317128,1487967328042
34.06820647,-118.45315421,1487967329048
34.06820568,-118.45313765,1487967330035
34.06820512,-118.45312253,1487967331046
34.06820321,-118.45310357,1487967332037
34.06820071,-118.4530866,1487967333021
34.06819802,-118.45307031,1487967334028
34.06819555,-118.45304916,1487967335040
34.06819358,-118.4530324,1487967336045
34.06819072,-118.45301605,1487967337053
34.06818933,-118.4530016,1487967338058
34.06818773,-118.45298259,1487967339053
34.06818519,-118.45296141,1487967340046
34.06818238,-118.45294113,1487967341039
34.06818062,-118.45292516,1487967342046
34.06817974,-118.45291128,1487967343043
34.06817949,-118.45289498,1487967344045
34.06817861,-118.45287581,1487967345057
34.06817781,-118.45285636,1487967346055
34.06817669,-118.45283816,1487967347035
34.06817486,-118.45282142,1487967348034
34.06817157,-118.45280358,1487967349052
34.06816964,-118.45278952,1487967350041
34.06816945,-118.45277581,1487967351034
34.06817173,-118.4527655,1487967352050
34.06817362,-118.45275395,1487967353048
34.06817452,-118.45273816,1487967354046
34.06817799,-118.45272453,1487967355057
34.06818195,-118.45270777,1487967356058
34.06818507,-118.45269187,1487967357044
34.06818104,-118.45267499,1487967358049
34.06817921,-118.45265684,1487967359046
34.06817956,-118.45263832,1487967360031
34.06817619,-118.45261892,1487967361037
34.06817251,-118.45259928,1487967362059
34.06816889,-118.45258528,1487967363052
34.06817011,-118.45257102,1487967364038
34.06817127,-118.45255027,1487967365045
34.06816749,-118.45252992,1487967366047
34.06816342,-118.45251794,1487967367044
34.06815904,-118.45250755,1487967368041
34.06815877,-118.45249765,1487967369028
34.06816024,-118.45248905,1487967370030
34.06816253,-118.45247565,1487967371037
34.06816526,-118.45246205,1487967372055
34.06816749,-118.45244904,1487967373039
34.06816782,-118.45243555,1487967374056
34.06816443,-118.45242285,1487967375087
34.06815977,-118.45240967,1487967376103
34.06815592,-118.45239541,1487967377056
34.06815434,-118.45237871,1487967378051
34.06815337,-118.45236239,1487967379064
34.06815295,-118.45234494,1487967380048
34.06815347,-118.45232585,1487967381052
34.06815942,-118.45230806,1487967382035
34.06816455,-118.45228981,1487967383038
34.06817106,-118.45227513,1487967384052
34.06817988,-118.45226407,1487967385055
34.0681879,-118.45225525,1487967386057
34.06819364,-118.45224322,1487967387044
34.0681987,-118.45223022,1487967388052
34.06819533,-118.45221331,1487967389036
34.0681842,-118.45219356,1487967390045
34.06817114,-118.45217201,1487967391048
34.06816323,-118.45215749,1487967392052
34.0681577,-118.45214881,1487967393072
34.06815434,-118.45213541,1487967394053
34.06815058,-118.45212057,1487967395046
34.06814732,-118.45210645,1487967396051
34.06813756,-118.45209729,1487967397071
34.06812958,-118.45208441,1487967398071
34.06811854,-118.45207753,1487967399057
34.06811988,-118.45206533,1487967400050
34.06813199,-118.45205013,1487967401049
34.06814093,-118.45203116,1487967402056
34.06814434,-118.45201084,1487967403051
34.06814656,-118.45199112,1487967404036
34.06813719,-118.45197326,1487967405036
34.06813286,-118.45195947,1487967406064
34.06812972,-118.45194344,1487967407055
34.06813105,-118.45193806,1487967408056
34.06813487,-118.45194372,1487967409050
34.06813452,-118.45193567,1487967410049
34.06813664,-118.45192057,1487967411045
34.06813766,-118.45190563,1487967412052
34.06814738,-118.45189181,1487967413071
34.06814843,-118.45187269,1487967414074
34.06814493,-118.45185227,1487967415054
34.06814217,-118.45183715,1487967416045
34.06814494,-118.45182084,1487967417046
34.0681447,-118.45180419,1487967418046
34.06814036,-118.45178975,1487967419044
34.06813641,-118.45177429,1487967420045
34.06813776,-118.45175672,1487967421052
34.06813978,-118.45174085,1487967422045
34.06814017,-118.45172227,1487967423055
34.06814833,-118.45170577,1487967424047
34.06815768,-118.45169298,1487967425043
34.06816818,-118.4516796,1487967426058
34.06817805,-118.45166814,1487967427064
34.06818945,-118.45165667,1487967428046
34.06820091,-118.45164354,1487967429044
34.06821041,-118.45162949,1487967430063
34.06821821,-118.45161499,1487967431047
34.06822834,-118.45160269,1487967432027
34.06824241,-118.45158793,1487967433027
34.06825405,-118.45157341,1487967434050
34.06826151,-118.45155664,1487967435032
34.06827061,-118.45153848,1487967436087
34.06827682,-118.45152055,1487967437088
34.06828475,-118.45150393,1487967438056
34.06829058,-118.45149069,1487967439072
34.06830105,-118.45148264,1487967440056
34.06831277,-118.45146952,1487967441051
34.06832135,-118.45145328,1487967442053
34.06832549,-118.45143933,1487967443043
34.06832891,-118.45142635,1487967444061
34.06833167,-118.45141155,1487967445052
34.06833615,-118.45139816,1487967446082
34.06834015,-118.45138917,1487967447053
34.06834963,-118.45137726,1487967448069
34.06835699,-118.45136164,1487967449059
34.06836638,-118.4513474,1487967450051
34.06837478,-118.45133536,1487967451050
34.06838488,-118.45131693,1487967452049
34.06839515,-118.45129919,1487967453049
34.06840282,-118.45128828,1487967454052
34.06840954,-118.45127764,1487967455079
34.06841827,-118.45126415,1487967456093
34.06842642,-118.45125136,1487967457050
34.06843273,-118.4512394,1487967458051
34.06843556,-118.45122836,1487967459047
34.06843879,-118.45121696,1487967460041
34.06844931,-118.45120347,1487967461049
34.06846609,-118.45119262,1487967462134
34.06848255,-118.45118226,1487967463060
34.06849844,-118.45117071,1487967464060
34.0685125,-118.45115649,1487967465053
34.06852304,-118.45114182,1487967466059
34.068533,-118.45112732,1487967467070
34.06854362,-118.45111608,1487967468075
34.06855423,-118.45110287,1487967469070
34.06856546,-118.45109151,1487967470129
34.06857463,-118.45108289,1487967471059
34.06858059,-118.45107181,1487967472063
34.06858467,-118.45106231,1487967473070
34.06859184,-118.45104768,1487967474067
34.06859757,-118.45103067,1487967475046
34.06859791,-118.45101719,1487967476044
34.06859607,-118.45100476,1487967477065
34.06859153,-118.45098969,1487967478076
34.06858651,-118.45097216,1487967479066
34.06857977,-118.45095581,1487967480175
34.06858208,-118.45093995,1487967481058
34.06859023,-118.45092528,1487967482055
34.06859854,-118.45091322,1487967483060
34.06858699,-118.45089359,1487967484065
34.06857081,-118.45087753,1487967485080
34.06855709,-118.45086406,1487967486047
34.06853892,-118.45085597,1487967487176
34.06852812,-118.45085222,1487967488073
34.06852037,-118.45084305,1487967489063
34.06850566,-118.45084041,1487967490042
34.06848724,-118.4508402,1487967491049
34.06846291,-118.45083524,1487967492026
34.06843907,-118.45083138,1487967493059
34.06841944,-118.4508313,1487967494060
34.06840173,-118.45083021,1487967495036
34.06838684,-118.4508273,1487967496041
34.0683777,-118.45082356,1487967497067
34.06836883,-118.45081658,1487967498058
34.06836072,-118.45080282,1487967499065
34.06835287,-118.45078652,1487967500058
34.06834684,-118.45076486,1487967501069
34.06833747,-118.45074192,1487967502069
34.06832329,-118.45071928,1487967503067
34.06830668,-118.45070255,1487967504074
34.06830052,-118.45067863,1487967505064
34.06830442,-118.45066055,1487967506067
34.06830491,-118.45064211,1487967507043
34.06831056,-118.45064847,1487967508054
34.06830396,-118.4506619,1487967509052
34.06828267,-118.45064733,1487967510040
34.0682655,-118.45063259,1487967511037
34.06825343,-118.45062989,1487967512051
34.06824537,-118.45062716,1487967513064
34.06823407,-118.45061867,1487967514058
34.06821891,-118.45060629,1487967515050
34.06820087,-118.45059573,1487967516044
34.06818559,-118.45058229,1487967517056
34.06817518,-118.45057004,1487967518050
34.06816335,-118.45055174,1487967519055
34.068151,-118.45053576,1487967520046
34.06813644,-118.45052458,1487967521034
34.06812206,-118.45051464,1487967522044
34.06810759,-118.45050439,1487967523061
34.06809401,-118.45049783,1487967524081
34.06808228,-118.45048435,1487967525080
34.06807096,-118.45047662,1487967526075
34.06805895,-118.45046555,1487967527064
34.06804855,-118.45045604,1487967528042
34.06803463,-118.45044919,1487967529046
34.06802465,-118.45044478,1487967530047
34.06801439,-118.45043845,1487967531062
34.06800433,-118.45042822,1487967532062
34.067992,-118.45041259,1487967533066
34.06798279,-118.45039807,1487967534046
34.06797047,-118.45038707,1487967535050
34.06795879,-118.45037581,1487967536075
34.06795221,-118.45036285,1487967537057
34.06794298,-118.45034913,1487967538066
34.06792732,-118.45034036,1487967539044
34.06791407,-118.45032853,1487967540045
34.06790263,-118.45032088,1487967541074
34.0678895,-118.45031102,1487967542068
34.06787555,-118.45030093,1487967543060
34.06786359,-118.45028732,1487967544062
34.06785689,-118.45027111,1487967545115
34.06785384,-118.45025602,1487967546066
34.06784065,-118.45024345,1487967547039
34.06783391,-118.45023808,1487967548027
34.06782389,-118.45023544,1487967549026
34.06780973,-118.45023013,1487967550043
34.06779973,-118.45022375,1487967551069
34.06779173,-118.4502171,1487967552050
34.067781,-118.45020649,1487967553054
34.06776877,-118.45019594,1487967554051
34.0677584,-118.45018218,1487967555059
34.06775062,-118.45016568,1487967556041
34.06774231,-118.45015033,1487967557039
34.06773449,-118.45013405,1487967558051
34.06772511,-118.45011668,1487967559065
34.06771347,-118.45009705,1487967560065
34.06770318,-118.45007981,1487967561048
34.06769266,-118.45006774,1487967562080
34.06768246,-118.45005945,1487967563056
34.06766746,-118.4500498,1487967564054
34.06765349,-118.45004293,1487967565040
34.06764015,-118.45003687,1487967566047
34.06763091,-118.45002473,1487967567077
34.06762004,-118.45001208,1487967568069
34.06760986,-118.44999821,1487967569066
34.06759636,-118.44998674,1487967570060
34.06758116,-118.44997254,1487967571045
34.06756947,-118.44996313,1487967572041
34.0675574,-118.44996099,1487967573068
34.06754354,-118.44995438,1487967574050
34.0675417,-118.44994238,1487967575046
34.06753487,-118.44992951,1487967576048
34.06752939,-118.44991785,1487967577049
34.06751845,-118.44990719,1487967578083
34.06750321,-118.44989279,1487967579036
34.06748994,-118.44987791,1487967580039
34.06747509,-118.44986172,1487967581046
34.06746162,-118.44984829,1487967582060
34.06745767,-118.44984016,1487967583077
34.06745623,-118.44982805,1487967584062
34.06745259,-118.44981822,1487967585055
34.06744807,-118.44980455,1487967586075
34.0674378,-118.44979035,1487967587068
34.06743383,-118.44976944,1487967588056
34.06743585,-118.44975299,1487967589065
34.06744621,-118.44973698,1487967590064
34.06746363,-118.44972795,1487967591056
34.06748177,-118.44972139,1487967592055
34.06749844,-118.44971871,1487967593054
34.06752197,-118.44971401,1487967594078
34.06754547,-118.44970041,1487967595064
34.06756196,-118.4496901,1487967596072
34.06757658,-118.44968339,1487967597045
34.06759381,-118.44967219,1487967598059
34.06761189,-118.44966567,1487967599065
34.06762818,-118.44965411,1487967600132
34.06763914,-118.44963917,1487967601049
34.06765215,-118.44963642,1487967602073
34.06766616,-118.44963723,1487967603053
34.06767957,-118.44964004,1487967604053
34.06769235,-118.44964244,1487967605058
34.06770531,-118.44963115,1487967606048
34.0677196,-118.44961621,1487967607055
34.06773449,-118.4495944,1487967608063
34.06774504,-118.44958267,1487967609070
34.06775091,-118.44956813,1487967610062
34.06775427,-118.44954924,1487967611050
34.06775938,-118.44953793,1487967612050
34.06776512,-118.44952582,1487967613062
34.06777662,-118.44952692,1487967614048
34.06778597,-118.44952754,1487967615036
34.06779705,-118.44951712,1487967616055
34.0678099,-118.44950232,1487967617041
34.0678241,-118.4494918,1487967618080
34.0678368,-118.44948292,1487967619045
34.0678455,-118.44947231,1487967620036
34.06786248,-118.44946497,1487967621033
34.06787729,-118.44946632,1487967622035
34.0678877,-118.44947405,1487967623044
34.06789785,-118.44947685,1487967624047
34.06790968,-118.4494722,1487967625027
34.06791764,-118.4494606,1487967626039
34.06792998,-118.44944679,1487967627061
34.06793729,-118.44943763,1487967628043
34.06794784,-118.44942945,1487967629044
34.06796219,-118.44941711,1487967630048
34.06797738,-118.44940199,1487967631036
34.0679903,-118.4493897,1487967632039
34.06800457,-118.44937838,1487967633047
34.06801491,-118.44937216,1487967634067
34.06802742,-118.44936974,1487967635046
34.06804425,-118.44936689,1487967636045
34.06805777,-118.44936979,1487967637069
34.06806661,-118.44937624,1487967638065
34.06807477,-118.44937653,1487967639066
34.06808942,-118.44937932,1487967640069
34.06809902,-118.44937386,1487967641058
34.06810826,-118.44936349,1487967642027
34.06812461,-118.4493598,1487967643030
34.06813339,-118.44936043,1487967644037
34.06813804,-118.44936862,1487967645046
34.06814891,-118.44937112,1487967646063
34.06815953,-118.44936817,1487967647055
34.06816709,-118.44935359,1487967648068
34.0681754,-118.44933862,1487967649057
34.06818954,-118.44932829,1487967650076
34.06820274,-118.44932807,1487967651040
34.06822455,-118.44933066,1487967652053
34.06823584,-118.44933038,1487967653059
34.06824536,-118.44933064,1487967654052
34.06825611,-118.4493285,1487967655050
34.06826011,-118.44931082,1487967656065
34.06826818,-118.44929165,1487967657071
34.06828342,-118.44928273,1487967658059
34.06830169,-118.44927765,1487967659051
34.06831363,-118.44927447,1487967660053
34.06832684,-118.44926882,1487967661070
34.06833874,-118.44925996,1487967662075
34.06835048,-118.44924736,1487967663049
34.06836343,-118.44923126,1487967664043
34.06837981,-118.44922768,1487967665047
34.06839828,-118.44922749,1487967666050
34.06841124,-118.44922618,1487967667042
34.06842489,-118.449219,1487967668048
34.06843615,-118.44920706,1487967669049
34.06844851,-118.44919801,1487967670052
34.06845801,-118.44918627,1487967671064
34.06846909,-118.44917604,1487967672057
34.06848424,-118.44917072,1487967673056
34.06849303,-118.44916346,1487967674054
34.06850016,-118.44915962,1487967675060
34.0685067,-118.44915035,1487967676052
34.06851012,-118.44914213,1487967677052
34.06851946,-118.44913844,1487967678044
34.06853075,-118.44913223,1487967679051
34.06854134,-118.44912238,1487967680039
34.06855178,-118.44911883,1487967681035
34.06855985,-118.44912185,1487967682038
34.06856882,-118.44912183,1487967683050
34.06857575,-118.44911786,1487967684052
34.06858417,-118.44910984,1487967685339
34.06859429,-118.44910121,1487967686058
34.06860303,-118.4490918,1487967687049
34.06861406,-118.44908597,1487967688054
34.06862603,-118.44908398,1487967689038
34.06863185,-118.4490672,1487967690042
34.068645,-118.44905245,1487967691058
34.06865372,-118.44903639,1487967692054
34.06866251,-118.44901736,1487967693018
34.06867009,-118.44900979,1487967694029
34.06867751,-118.44900185,1487967695045
34.0686875,-118.44899893,1487967696041
34.0686973,-118.44899158,1487967697072
34.06870693,-118.44898264,1487967698049
34.06871738,-118.44897229,1487967699057
34.06871795,-118.44896526,1487967700049
34.06871927,-118.44895551,1487967701052
34.06872168,-118.44894573,1487967702052
34.06872484,-118.44893418,1487967703053
34.06872674,-118.44892195,1487967704042
34.06872627,-118.44890632,1487967705054
34.06872372,-118.44889399,1487967706066
34.06872198,-118.44888196,1487967707051
34.06872282,-118.44886492,1487967708050
34.06872217,-118.44884707,1487967709047
34.06872202,-118.44883085,1487967710048
34.06872427,-118.44881499,1487967711049
34.06872724,-118.4487972,1487967712054
34.06873087,-118.44878194,1487967713059
34.06873532,-118.44876667,1487967714056
34.06873841,-118.44874971,1487967715050
34.06874097,-118.44873428,1487967716053
34.06874468,-118.44871568,1487967717053
34.06874919,-118.44869482,1487967718061
34.06875361,-118.44867739,1487967719058
34.06875826,-118.44866011,1487967720189
34.06876259,-118.44864444,1487967721044
34.06876677,-118.4486292,1487967722063
34.06877034,-118.44861475,1487967723051
34.06877426,-118.44860064,1487967724052
34.06877708,-118.44858518,1487967725052
34.06877911,-118.44856829,1487967726055
34.06878302,-118.44854845,1487967727043
34.06878502,-118.44853311,1487967728054
34.06878752,-118.44851724,1487967729050
34.06879212,-118.44850435,1487967730363
34.06879821,-118.44848788,1487967731038
34.06880344,-118.44847285,1487967732041
34.06880897,-118.44846181,1487967733058
34.06881488,-118.44844898,1487967734032
34.06882093,-118.44843757,1487967735038
34.06882901,-118.44843052,1487967736120
34.0688385,-118.44841874,1487967737059
34.0688412,-118.44840387,1487967738054
34.06884376,-118.44839647,1487967739034
34.06884387,-118.44839716,1487967740017
34.06884387,-118.44839742,1487967741036
34.06884182,-118.44840015,1487967742027
34.06884074,-118.44840158,1487967743017
34.06884016,-118.44840235,1487967744050
34.06883986,-118.44840273,1487967745035
34.0688397,-118.44840291,1487967746014
34.06883962,-118.44840298,1487967747021
34.06883955,-118.44840303,1487967748040
34.06883951,-118.44840307,1487967749035
34.06883947,-118.44840311,1487967750022
34.06883943,-118.44840314,1487967751034
34.06883936,-118.44840319,1487967752032
34.06883931,-118.44840324,1487967753043
34.06883925,-118.44840328,1487967754042
34.0688392,-118.44840329,1487967755044
34.06883817,-118.44839835,1487967756027
34.06884013,-118.44838686,1487967757047
34.06883988,-118.44837057,1487967758064
34.06884236,-118.44835757,1487967759061
34.06884348,-118.44834513,1487967760063
34.06884152,-118.44832956,1487967761062
34.06883805,-118.44831333,1487967762043
34.06883539,-118.448297,1487967763035
34.06883411,-118.4482815,1487967764057
34.0688334,-118.44826602,1487967765063
34.06883234,-118.44825036,1487967766051
34.06883071,-118.44823388,1487967767047
34.06883269,-118.44822332,1487967768061
34.06883399,-118.44821385,1487967769055
34.06883359,-118.4482084,1487967770050
34.06882894,-118.44819725,1487967771062
34.06882309,-118.44818466,1487967772065
34.06882163,-118.44817986,1487967773059
34.06881392,-118.44817309,1487967774047
34.06880725,-118.44816456,1487967775059
34.06880942,-118.44815602,1487967776069
34.06881867,-118.44813782,1487967777074
34.06882501,-118.44812565,1487967778075
34.06883339,-118.44811384,1487967779051
34.06883446,-118.4480964,1487967780968
34.06883436,-118.44807742,1487967781049
34.06883118,-118.44805867,1487967782036
34.06882822,-118.4480353,1487967783083
34.06882852,-118.44801354,1487967784058
34.06882754,-118.44800006,1487967785057
34.06882616,-118.44798823,1487967786055
34.0688256,-118.44797554,1487967787054
34.06882115,-118.44795351,1487967788044
34.06881801,-118.44793558,1487967789057
34.06882003,-118.44792326,1487967790078
34.06882221,-118.44790903,1487967791063
34.06882495,-118.44789235,1487967792048
34.06882307,-118.44787496,1487967793039
34.06882516,-118.44786152,1487967794032
34.06882358,-118.44785334,1487967795048
34.06882497,-118.44783523,1487967796041
34.06882433,-118.44781837,1487967797039
34.06882471,-118.44780633,1487967798042
34.06882426,-118.44779669,1487967799055
34.06882116,-118.44778253,1487967800057
34.06881654,-118.44776507,1487967801036
34.06881269,-118.4477516,1487967802029
34.06880869,-118.44774015,1487967803032
34.06880539,-118.44773382,1487967804044
34.0688043,-118.44772043,1487967805101
34.06879965,-118.44770206,1487967806137
34.06879571,-118.44768355,1487967807208
34.0687927,-118.44766536,1487967808227
34.06879422,-118.44764481,1487967809169
34.06879388,-118.44762357,1487967810182
34.06879083,-118.44760819,1487967811063
34.0687899,-118.44759346,1487967812159
34.06879088,-118.44758173,1487967813163
34.06879048,-118.44756957,1487967814212
34.06878926,-118.44756128,1487967815048
34.06878614,-118.44754805,1487967816025
34.06878364,-118.44753829,1487967817009
34.06878281,-118.447528,1487967818022
34.06878145,-118.44752046,1487967819019
34.06877935,-118.44751379,1487967820025
34.06877678,-118.44750488,1487967821069
34.06877447,-118.44749406,1487967822004
34.06877283,-118.44748158,1487967823017
34.06877193,-118.44746835,1487967824017
34.06877166,-118.44745461,1487967825022
34.06877154,-118.44744055,1487967826018
34.06877077,-118.44742628,1487967827013
34.06876763,-118.44741214,1487967828007
34.06876438,-118.44739799,1487967829006
34.06876545,-118.44738337,1487967830018
34.06876647,-118.44736866,1487967831004
34.06877052,-118.44735377,1487967832013
34.0687738,-118.44733893,1487967833007
34.06877938,-118.44732411,1487967833999
34.06878815,-118.44730943,1487967835002
34.06879433,-118.44729475,1487967836003
34.06880326,-118.44728045,1487967837000
34.06881163,-118.44726657,1487967838018
34.06883813,-118.44725667,1487967839003
34.06887096,-118.44725203,1487967840008
34.06890559,-118.4472546,1487967841013
34.06893844,-118.44726513,1487967842008
34.0689656,-118.44728102,1487967843001
34.06898668,-118.44729766,1487967844006
34.06900367,-118.4473135,1487967845004
34.06901807,-118.44732724,1487967846001
34.06903116,-118.44733822,1487967847001
34.06904313,-118.44734848,1487967848005
34.06905467,-118.44735712,1487967849004
34.06906533,-118.44736622,1487967850001
34.06907484,-118.44737701,1487967851011
34.0690843,-118.44738731,1487967852031
34.06909126,-118.44740212,1487967853030
34.0690934,-118.44739388,1487967854033
34.06908896,-118.44737355,1487967855005
34.06908744,-118.44735144,1487967856011
34.0690879,-118.44732913,1487967857007
34.06908947,-118.44730744,1487967858005
34.0690933,-118.44728587,1487967859010
34.06909653,-118.44726644,1487967860015
34.06910102,-118.44724719,1487967861015
34.06910304,-118.44722959,1487967862006
34.06911248,-118.44721016,1487967863020
34.06912041,-118.44719237,1487967864026
34.06913015,-118.44717525,1487967865010
34.06914178,-118.44715929,1487967866002
34.06915491,-118.44714467,1487967867014
34.06916599,-118.44713087,1487967868018
34.06917795,-118.44711795,1487967869001
34.06918824,-118.44710534,1487967870007
34.06919504,-118.44709213,1487967871005
34.06920123,-118.44707887,1487967872006
34.06921226,-118.44706773,1487967873012
34.06922644,-118.4470588,1487967874010
34.06924171,-118.44705115,1487967875000
34.0692548,-118.44704267,1487967876008
34.06926227,-118.44703075,1487967877000
34.06926541,-118.44701593,1487967878147
34.0692689,-118.44700133,1487967879030
34.06927887,-118.44681034,1487967911059
34.06925948,-118.44675303,1487967912037
34.06922914,-118.44668589,1487967913039
34.06921611,-118.44664518,1487967914048
34.06910757,-118.4464545,1487967915089
34.06910254,-118.44642043,1487967916053
34.06909176,-118.44638375,1487967917041
34.06907722,-118.44634129,1487967918040
34.06905864,-118.44629202,1487967919039
34.06904089,-118.44624568,1487967920048
34.06902596,-118.44620277,1487967921073
34.06901399,-118.44616423,1487967922024
34.06900067,-118.44612711,1487967923027
34.06898866,-118.4460909,1487967924032
34.06898345,-118.44606094,1487967925018
34.06898001,-118.44602638,1487967926025
34.06897422,-118.44599324,1487967927020
34.06897213,-118.44598427,1487967928027
34.06897789,-118.44597195,1487967929036
34.06897666,-118.44594575,1487967930031
34.06897233,-118.4459225,1487967931024
34.06895986,-118.44589857,1487967932037
34.06894587,-118.44587503,1487967933030
34.06893348,-118.4458538,1487967934042
34.06892185,-118.44582743,1487967935033
34.06891411,-118.44580639,1487967936039
34.06890578,-118.44578936,1487967937056
34.06889917,-118.44576885,1487967938051
34.06889423,-118.44574936,1487967939045
34.06888611,-118.4457484,1487967940043
34.06887544,-118.44575752,1487967941032
34.068865,-118.44576416,1487967942048
34.06886038,-118.44576317,1487967943097
34.06886035,-118.44574336,1487967944055
34.06885685,-118.44572056,1487967945034
34.06885015,-118.4456999,1487967946041
34.06884917,-118.44568064,1487967947039
34.06885054,-118.44566281,1487967948031
34.06885379,-118.44564397,1487967949043
34.06885729,-118.44562474,1487967950051
34.06885775,-118.44560643,1487967951038
34.06885753,-118.44558894,1487967952036
34.0688579,-118.44556992,1487967953053
34.06885626,-118.44555192,1487967954050
34.06885702,-118.44553616,1487967955037
34.0688569,-118.44551745,1487967956044
34.06885697,-118.44549893,1487967957036
34.06885356,-118.44548414,1487967958034
34.06885233,-118.44546171,1487967959056
34.06885201,-118.44543814,1487967960171
34.06885233,-118.44542143,1487967961056
34.06885146,-118.44539947,1487967962042
34.06885124,-118.44537847,1487967963048
34.06885245,-118.44536636,1487967964045
34.0688532,-118.44534981,1487967965047
34.06885718,-118.44533596,1487967966046
34.0688625,-118.44532186,1487967967034
34.06886304,-118.44530859,1487967968088
34.06886067,-118.44529055,1487967969045
34.06885936,-118.44527379,1487967970044
34.06885741,-118.4452584,1487967971037
34.06885637,-118.44524095,1487967972043
34.06885697,-118.4452258,1487967973060
34.06885952,-118.44521019,1487967974061
34.06886193,-118.44519691,1487967975052
34.06886361,-118.44518017,1487967976068
34.06886601,-118.44516412,1487967977068
34.0688683,-118.44514643,1487967978063
34.068863,-118.4451342,1487967979057
34.06885292,-118.4451223,1487967980051
34.06884269,-118.44511045,1487967981077
34.06883723,-118.44509339,1487967982068
34.068835,-118.44508812,1487967983067
34.06883425,-118.44508126,1487967984048
34.06883976,-118.44506579,1487967985053
34.06884386,-118.44505269,1487967986086
34.06884656,-118.44504159,1487967987051
34.06884823,-118.44504126,1487967988033
34.06884626,-118.44504292,1487967989016
34.06884502,-118.4450435,1487967990007
34.0688444,-118.44504376,1487967991029
34.06884409,-118.44504391,1487967992034
34.06884331,-118.44504335,1487967993053
34.06884261,-118.44504268,1487967994033
34.0688423,-118.4450423,1487967995033
34.06884214,-118.44504212,1487967996037
34.06884207,-118.44504204,1487967997038
34.06884204,-118.44504198,1487967998059
34.06884202,-118.44504197,1487967999041
34.06884202,-118.44504198,1487968000029
34.06884202,-118.445042,1487968001039
34.06884208,-118.44504205,1487968002039
34.06884208,-118.44504202,1487968003018
34.06884204,-118.44504193,1487968004017
34.06884199,-118.44504184,1487968005029
34.06884196,-118.44504174,1487968006047
34.06884196,-118.44504165,1487968007035
34.06884197,-118.44504161,1487968008060
34.06884195,-118.44504158,1487968009035
34.06884188,-118.44504017,1487968010053
34.0688404,-118.44503667,1487968011037
34.06883509,-118.44503025,1487968012043
34.06882863,-118.44501988,1487968013041
34.06881915,-118.44500478,1487968014049
34.06880796,-118.44498863,1487968015070
34.06879939,-118.44497233,1487968016049
34.06879192,-118.44495483,1487968017076
34.06878457,-118.44493674,1487968018051
34.06877751,-118.44492005,1487968019037
34.06877042,-118.44490395,1487968020024
34.06876293,-118.44488956,1487968021068
34.06875892,-118.44487362,1487968022080
34.06875578,-118.44485927,1487968023060
34.06875371,-118.44484701,1487968024075
34.06874945,-118.44483288,1487968025083
34.06874232,-118.44481948,1487968026070
34.06873366,-118.44480782,1487968027040
34.06872531,-118.44479678,1487968028036
34.06871784,-118.44478557,1487968029055
34.06871174,-118.44477276,1487968030069
34.06870777,-118.44475868,1487968031043
34.06870502,-118.44474769,1487968032048
34.06870093,-118.44473748,1487968033063
34.06869366,-118.44472552,1487968034052
34.06868845,-118.44471056,1487968035048
34.06868596,-118.44469325,1487968036057
34.06868624,-118.44467689,1487968037034
34.06868384,-118.44465849,1487968038026
34.06867526,-118.44464087,1487968039043
34.06866326,-118.44462535,1487968040069
34.06865631,-118.44461433,1487968041060
34.06865081,-118.44460341,1487968042055
34.06864505,-118.44459235,1487968043055
34.06864302,-118.44458483,1487968044049
34.06863964,-118.44457906,1487968045052
34.06862806,-118.44457067,1487968046043
34.06861374,-118.44456567,1487968047049
34.06860252,-118.44456992,1487968048052
34.06858499,-118.44457512,1487968049055
34.06856788,-118.4445779,1487968050039
34.06855307,-118.44457578,1487968051049
34.06854094,-118.44456843,1487968052073
34.06853131,-118.44455868,1487968053077
34.06852473,-118.44454171,1487968054063
34.06851728,-118.44452739,1487968055068
34.06850914,-118.44451664,1487968056064
34.06850585,-118.44450508,1487968057048
34.06850441,-118.44449538,1487968058040
34.06850137,-118.44448577,1487968059085
34.0684932,-118.44447731,1487968060055
34.06848273,-118.4444727,1487968061065
34.06847191,-118.44446696,1487968062067
34.06846933,-118.44445623,1487968063057
34.06846213,-118.44444526,1487968064057
34.06845113,-118.44443843,1487968065040
34.06844077,-118.44442587,1487968066056
34.0684347,-118.4444141,1487968067073
34.06842933,-118.44440589,1487968068086
34.06842367,-118.4443915,1487968069070
34.06842134,-118.44437604,1487968070061
34.06842541,-118.44436287,1487968071061
34.06843566,-118.44434608,1487968072060
34.06844449,-118.44433048,1487968073059
34.06844818,-118.44431965,1487968074055
34.06844869,-118.44430166,1487968075055
34.0684576,-118.44428679,1487968076063
34.06846824,-118.44427367,1487968077097
34.06847285,-118.44425496,1487968078070
34.06847347,-118.44423917,1487968079062
34.06847172,-118.44422364,1487968080051
34.06847175,-118.44421137,1487968081057
34.06847089,-118.44419946,1487968082052
34.06846672,-118.44418409,1487968083039
34.06846681,-118.44417095,1487968084036
34.06846773,-118.44415655,1487968085058
34.06846603,-118.44414021,1487968086052
34.06847769,-118.44411921,1487968087053
34.06848997,-118.44410114,1487968088052
34.0684983,-118.44408317,1487968089048
34.06850636,-118.44406452,1487968090042
34.06851263,-118.44404634,1487968091037
34.06850851,-118.44403562,1487968092046
34.068508,-118.44402511,1487968093051
34.06852246,-118.44401002,1487968094039
34.06853266,-118.44400836,1487968095040
34.06854291,-118.44401592,1487968096056
34.06855738,-118.44401737,1487968097048
34.06856858,-118.44400873,1487968098041
34.06856469,-118.44400094,1487968099031
34.06854837,-118.44399654,1487968100030
34.06853463,-118.44398936,1487968101042
34.06852358,-118.44398964,1487968102042
34.06851693,-118.44396293,1487968103038
34.06851806,-118.44393362,1487968104057
34.06852744,-118.44391526,1487968105042
34.06854117,-118.44390941,1487968106054
34.0685516,-118.44391224,1487968107050
34.06855255,-118.44391669,1487968108051
34.0685497,-118.44391517,1487968108988
34.06854625,-118.44391427,1487968109996
34.06854229,-118.44391377,1487968111015
34.06854073,-118.44391371,1487968112024
34.06853996,-118.44391371,1487968113017
34.06853958,-118.44391373,1487968114019
34.06853939,-118.44391375,1487968115009
34.0685393,-118.44391378,1487968116029
34.06853925,-118.44391379,1487968117025
34.06853918,-118.44391385,1487968118025
34.06853914,-118.44391386,1487968119022
34.06853912,-118.44391387,1487968120013
34.06853911,-118.44391388,1487968121012
